{
  "roc_auc": 0.9308218100147269,
  "average_precision": 0.942455509107623,
  "f1_score": 0.8633657883807854,
  "confusion_matrix": {
    "tn": 7498,
    "fp": 1626,
    "fn": 1335,
    "tp": 9355
  },
  "threshold": 0.4825
}